feature,importance
remainder__EXT_SOURCE_MEAN,0.080068745
remainder__EXT_SOURCE_MIN,0.043518525
remainder__EXT_SOURCE_MAX,0.032710277
onehotencoder__NAME_INCOME_TYPE_Pensioner,0.022998728
onehotencoder__NAME_EDUCATION_TYPE_Higher education,0.012219046
onehotencoder__ORGANIZATION_TYPE_XNA,0.010902195
onehotencoder__NAME_INCOME_TYPE_Working,0.010710572
remainder__EXT_SOURCE_3,0.010477771
remainder__FLAG_DOCUMENT_3,0.010422334
remainder__CREDIT_GOODS_RATIO,0.009542447
onehotencoder__NAME_EDUCATION_TYPE_Secondary / secondary special,0.009454654
remainder__FLOORSMIN_MEDI,0.009405118
onehotencoder__CODE_GENDER_M,0.008649906
onehotencoder__CODE_GENDER_F,0.0084011
remainder__AMT_REQ_CREDIT_BUREAU_DAY_MISSING,0.008324768
remainder__EXT_SOURCE_MISSING_COUNT,0.0081429165
remainder__ANNUITY_CREDIT_RATIO,0.007872383
remainder__ELEVATORS_AVG,0.0077995392
onehotencoder__FLAG_OWN_CAR_Y,0.00774287
remainder__AMT_REQ_CREDIT_BUREAU_HOUR_MISSING,0.00765046
remainder__AMT_GOODS_PRICE_LOG,0.007525081
onehotencoder__FLAG_OWN_CAR_N,0.007291045
remainder__FLAG_EMP_PHONE,0.0070260437
remainder__EXT_SOURCE_1_MISSING,0.006916947
remainder__AGE_YEARS,0.0068902224
remainder__CREDIT_TERM_MONTHS,0.0066354927
remainder__AMT_GOODS_PRICE,0.006559706
remainder__AMT_ANNUITY_LOG,0.006535453
remainder__EXT_SOURCE_COUNT,0.0064718504
remainder__REG_CITY_NOT_LIVE_CITY,0.0062816595
remainder__CREDIT_GOODS_DIFF,0.0061322683
onehotencoder__NAME_FAMILY_STATUS_Married,0.005948932
remainder__EMPLOYED_YEARS,0.005849499
remainder__FLAG_WORK_PHONE,0.0058132303
remainder__DEF_30_CNT_SOCIAL_CIRCLE,0.005737088
remainder__AMT_ANNUITY,0.0054761143
remainder__EXT_SOURCE_STD,0.0054740575
remainder__FLOORSMAX_AVG,0.005448915
remainder__DAYS_EMPLOYED,0.005433953
remainder__REG_REGION_NOT_LIVE_REGION,0.0054333727
remainder__OWN_CAR_AGE,0.005425977
remainder__EMPLOYED_AGE_RATIO,0.005397536
remainder__CAR_OWNER,0.005380125
onehotencoder__WALLSMATERIAL_MODE_Panel,0.005316231
remainder__REGION_RATING_CLIENT_W_CITY,0.005303475
remainder__CAR_AGE_TO_PERSON_AGE,0.005257968
remainder__REG_CITY_NOT_WORK_CITY,0.005233729
remainder__DOCUMENTS_PROVIDED_COUNT,0.0051795486
remainder__CHILDREN_RATIO,0.005052894
remainder__DAYS_BIRTH,0.0050379117
remainder__DEF_60_CNT_SOCIAL_CIRCLE,0.005037828
onehotencoder__NAME_FAMILY_STATUS_Separated,0.004999928
onehotencoder__OCCUPATION_TYPE_Core staff,0.0048789554
onehotencoder__ORGANIZATION_TYPE_Self-employed,0.0048252307
remainder__YEARS_BUILD_AVG_MISSING,0.0047002835
remainder__CREDIT_INCOME_DIFF,0.0046605505
remainder__EXT_SOURCE_2,0.0046405
onehotencoder__NAME_CONTRACT_TYPE_Cash loans,0.0045644
remainder__FLOORSMAX_MEDI,0.0045087948
remainder__EXT_SOURCE_3_MISSING,0.0045025884
onehotencoder__ORGANIZATION_TYPE_Transport: type 3,0.0043971194
onehotencoder__ORGANIZATION_TYPE_Military,0.004373034
onehotencoder__WALLSMATERIAL_MODE_Others,0.0043629776
onehotencoder__NAME_INCOME_TYPE_State servant,0.004340464
onehotencoder__ORGANIZATION_TYPE_Security,0.0041691265
remainder__LAST_PHONE_CHANGE_YEARS,0.004159883
onehotencoder__OCCUPATION_TYPE_Low-skill Laborers,0.0041375896
onehotencoder__NAME_CONTRACT_TYPE_Revolving loans,0.0041347267
remainder__FLOORSMAX_MODE,0.004057609
remainder__ID_PUBLISH_YEARS,0.0040175477
onehotencoder__ORGANIZATION_TYPE_Construction,0.0039558634
remainder__NONLIVINGAREA_AVG_MISSING,0.0039230287
onehotencoder__NAME_HOUSING_TYPE_Rented apartment,0.0038642746
remainder__EXT_SOURCE_1,0.0038557847
onehotencoder__ORGANIZATION_TYPE_School,0.0038492156
remainder__AMT_INCOME_TOTAL_LOG,0.0038036557
onehotencoder__FONDKAPREMONT_MODE_reg oper account,0.0037506374
remainder__AMT_REQ_CREDIT_BUREAU_QRT,0.003747963
remainder__GOODS_INCOME_RATIO,0.003705031
remainder__LIVINGAREA_MEDI,0.0036955557
remainder__LANDAREA_AVG_MISSING,0.0036577259
remainder__AMT_REQ_CREDIT_BUREAU_DAY,0.0036498448
onehotencoder__ORGANIZATION_TYPE_Realtor,0.0036209852
remainder__ANNUITY_INCOME_RATIO,0.0035719078
onehotencoder__OCCUPATION_TYPE_Accountants,0.0035706155
remainder__LANDAREA_MEDI,0.0035698127
remainder__AMT_CREDIT,0.0035371927
onehotencoder__OCCUPATION_TYPE_Drivers,0.0035301321
remainder__YEARS_BEGINEXPLUATATION_AVG_MISSING,0.0034920522
remainder__ELEVATORS_MODE,0.0034509604
remainder__DAYS_ID_PUBLISH,0.0034504172
remainder__AMT_CREDIT_LOG,0.0033718336
onehotencoder__ORGANIZATION_TYPE_Industry: type 9,0.0033710527
remainder__FLAG_DOCUMENT_8,0.0033611811
remainder__TOTALAREA_MODE_MISSING,0.0033454285
remainder__APARTMENTS_MODE,0.0032955105
onehotencoder__WALLSMATERIAL_MODE_Block,0.0032593927
remainder__YEARS_BEGINEXPLUATATION_AVG,0.0032469605
remainder__CREDIT_INCOME_RATIO,0.0031970264
remainder__BASEMENTAREA_AVG,0.0031900534
remainder__YEARS_BUILD_MODE_MISSING,0.003181174
remainder__ADULTS_COUNT,0.0031730714
onehotencoder__OCCUPATION_TYPE_Laborers,0.0031633698
remainder__TOTAL_CONTACT_FLAGS,0.003156198
remainder__NONLIVINGAREA_MODE,0.0031257938
remainder__AMT_REQ_CREDIT_BUREAU_YEAR,0.003120077
remainder__AMT_REQ_CREDIT_BUREAU_WEEK_MISSING,0.0030842167
remainder__REGISTRATION_YEARS,0.003083113
onehotencoder__FONDKAPREMONT_MODE_not specified,0.0030829736
remainder__ID_PUBLISH_AGE_RATIO,0.0030766139
remainder__YEARS_BUILD_MEDI,0.00306121
onehotencoder__WEEKDAY_APPR_PROCESS_START_THURSDAY,0.0030605877
onehotencoder__WEEKDAY_APPR_PROCESS_START_MONDAY,0.0030480162
remainder__OBS_30_CNT_SOCIAL_CIRCLE,0.0030439945
remainder__REGION_POPULATION_RELATIVE,0.0030397696
remainder__YEARS_BEGINEXPLUATATION_MODE,0.0030379938
onehotencoder__ORGANIZATION_TYPE_Business Entity Type 2,0.0030330205
onehotencoder__ORGANIZATION_TYPE_Security Ministries,0.003030058
remainder__REGION_RATING_CLIENT,0.0030196225
onehotencoder__ORGANIZATION_TYPE_Business Entity Type 3,0.0030170428
remainder__LIVINGAREA_MODE,0.0030149561
remainder__LIVING_APARTMENTS_RATIO,0.002981068
remainder__FLOORSMIN_MODE,0.0029673604
remainder__NONLIVINGAREA_MEDI,0.0029669532
remainder__BASEMENTAREA_MEDI,0.002961435
remainder__DAYS_REGISTRATION,0.0029555883
remainder__ENTRANCES_MODE,0.0029270726
remainder__TOTALAREA_MODE,0.0029262924
remainder__HOUR_APPR_PROCESS_START,0.0029152755
remainder__FLOORSMIN_AVG,0.0029081923
onehotencoder__ORGANIZATION_TYPE_Other,0.002907835
onehotencoder__ORGANIZATION_TYPE_Trade: type 7,0.0029056638
remainder__DAYS_LAST_PHONE_CHANGE,0.002893545
onehotencoder__NAME_HOUSING_TYPE_Office apartment,0.002889324
onehotencoder__NAME_FAMILY_STATUS_Civil marriage,0.0028543647
onehotencoder__OCCUPATION_TYPE_Security staff,0.002829991
remainder__LIVINGAREA_AVG,0.0028171276
remainder__INCOME_PER_FAMILY_MEMBER,0.0028034735
remainder__COMMONAREA_AVG,0.0027988935
remainder__LIVINGAPARTMENTS_MEDI,0.0027985817
onehotencoder__ORGANIZATION_TYPE_Industry: type 3,0.0027930818
remainder__FAMILY_SIZE_PER_INCOME,0.0027792312
remainder__APARTMENTS_AVG,0.00277399
onehotencoder__NAME_HOUSING_TYPE_Co-op apartment,0.0027725163
remainder__YEARS_BEGINEXPLUATATION_MEDI,0.002762461
onehotencoder__NAME_EDUCATION_TYPE_Lower secondary,0.0027527688
remainder__AMT_REQ_CREDIT_BUREAU_MON,0.0027382239
onehotencoder__NAME_INCOME_TYPE_Commercial associate,0.0027214244
onehotencoder__ORGANIZATION_TYPE_Bank,0.0027123261
remainder__LANDAREA_MODE,0.0027069068
onehotencoder__NAME_HOUSING_TYPE_With parents,0.002698653
remainder__INCOME_PER_ADULT,0.0026911818
remainder__REGISTRATION_AGE_RATIO,0.0026873555
onehotencoder__OCCUPATION_TYPE_Missing,0.0026732064
remainder__FLAG_DOCUMENT_5,0.0026470819
remainder__APARTMENTS_MEDI,0.0026297052
remainder__YEARS_BUILD_AVG,0.002615792
remainder__INCOME_AFTER_ANNUITY,0.0026126618
remainder__COMMONAREA_MODE,0.002610512
onehotencoder__ORGANIZATION_TYPE_Transport: type 2,0.0025906404
remainder__CNT_FAM_MEMBERS,0.0025837347
onehotencoder__OCCUPATION_TYPE_High skill tech staff,0.0025826728
"onehotencoder__WALLSMATERIAL_MODE_Stone, brick",0.002567148
remainder__AMT_REQ_CREDIT_BUREAU_WEEK,0.0025622922
remainder__BASEMENTAREA_MODE,0.0025280067
remainder__INCOME_PER_CHILD,0.002508269
remainder__REG_REGION_NOT_WORK_REGION,0.0024894634
remainder__NONLIVINGAPARTMENTS_MODE,0.0024793816
remainder__ENTRANCES_MEDI,0.0024739054
onehotencoder__OCCUPATION_TYPE_Managers,0.0024735492
remainder__NONLIVINGAREA_AVG,0.002468874
remainder__ENTRANCES_AVG,0.0024614823
remainder__NONLIVINGAPARTMENTS_AVG,0.0024578979
onehotencoder__NAME_HOUSING_TYPE_House / apartment,0.0024578723
onehotencoder__ORGANIZATION_TYPE_Trade: type 3,0.0024341901
remainder__AMT_INCOME_TOTAL,0.002432629
onehotencoder__WEEKDAY_APPR_PROCESS_START_WEDNESDAY,0.0023871225
onehotencoder__FONDKAPREMONT_MODE_Missing,0.002374309
remainder__LIVING_TO_TOTAL_AREA,0.0023702474
onehotencoder__NAME_FAMILY_STATUS_Single / not married,0.0023673938
remainder__OBS_60_CNT_SOCIAL_CIRCLE,0.0023635793
remainder__NONLIVINGAPARTMENTS_MEDI,0.0023583404
onehotencoder__ORGANIZATION_TYPE_Business Entity Type 1,0.0023512137
onehotencoder__NAME_TYPE_SUITE_Unaccompanied,0.0023477273
onehotencoder__WEEKDAY_APPR_PROCESS_START_SATURDAY,0.0023296014
remainder__FLAG_PHONE,0.0023231588
onehotencoder__ORGANIZATION_TYPE_Legal Services,0.0023080192
remainder__LANDAREA_AVG,0.0022882046
remainder__FLAG_DOCUMENT_6,0.00227186
remainder__LIVINGAPARTMENTS_AVG,0.0022718569
remainder__YEARS_BUILD_MODE,0.0022718539
remainder__ELEVATORS_AVG_MISSING,0.0022654529
onehotencoder__NAME_TYPE_SUITE_Family,0.0022634629
onehotencoder__WEEKDAY_APPR_PROCESS_START_FRIDAY,0.0022347297
remainder__LIVE_REGION_NOT_WORK_REGION,0.0022261627
onehotencoder__FLAG_OWN_REALTY_N,0.0022056885
onehotencoder__ORGANIZATION_TYPE_Industry: type 12,0.0021969562
onehotencoder__OCCUPATION_TYPE_Sales staff,0.0021915017
onehotencoder__WALLSMATERIAL_MODE_Mixed,0.0021050856
remainder__LIVINGAPARTMENTS_MODE,0.0020903433
onehotencoder__EMERGENCYSTATE_MODE_No,0.0020218624
onehotencoder__NAME_HOUSING_TYPE_Municipal apartment,0.002021268
remainder__FLAG_EMAIL,0.002020008
remainder__COMMONAREA_MEDI,0.0019842614
onehotencoder__WEEKDAY_APPR_PROCESS_START_SUNDAY,0.0019347582
remainder__CNT_CHILDREN,0.0019137745
onehotencoder__OCCUPATION_TYPE_Medicine staff,0.001831077
remainder__LIVE_CITY_NOT_WORK_CITY,0.0018259339
remainder__DAYS_EMPLOYED_ANOM,0.0017883804
remainder__ELEVATORS_MODE_MISSING,0.0017581116
onehotencoder__NAME_TYPE_SUITE_Missing,0.0017070883
onehotencoder__WEEKDAY_APPR_PROCESS_START_TUESDAY,0.0016346052
remainder__LANDAREA_MODE_MISSING,0.0016067093
remainder__APARTMENTS_AVG_MISSING,0.0015852159
onehotencoder__EMERGENCYSTATE_MODE_Missing,0.0014455926
remainder__COMMONAREA_MEDI_MISSING,0.0013748225
remainder__LIVINGAPARTMENTS_AVG_MISSING,0.0013727952
onehotencoder__FLAG_OWN_REALTY_Y,0.00052047195
remainder__EXT_SOURCE_STD_MISSING,0.00045651585
onehotencoder__HOUSETYPE_MODE_block of flats,0.0
onehotencoder__HOUSETYPE_MODE_specific housing,0.0
remainder__FLAG_MOBIL,0.0
onehotencoder__EMERGENCYSTATE_MODE_Yes,0.0
remainder__INCOME_AFTER_ANNUITY_MISSING,0.0
remainder__EXT_SOURCE_MEAN_MISSING,0.0
remainder__EMPLOYED_AGE_RATIO_MISSING,0.0
onehotencoder__HOUSETYPE_MODE_Missing,0.0
onehotencoder__FONDKAPREMONT_MODE_reg oper spec account,0.0
onehotencoder__FONDKAPREMONT_MODE_org spec account,0.0
onehotencoder__CODE_GENDER_XNA,0.0
onehotencoder__NAME_TYPE_SUITE_Group of people,0.0
onehotencoder__NAME_TYPE_SUITE_Children,0.0
remainder__ANNUITY_INCOME_RATIO_MISSING,0.0
remainder__LAST_PHONE_CHANGE_YEARS_MISSING,0.0
remainder__EMPLOYED_YEARS_MISSING,0.0
"onehotencoder__NAME_TYPE_SUITE_Spouse, partner",0.0
onehotencoder__NAME_TYPE_SUITE_Other_B,0.0
onehotencoder__NAME_TYPE_SUITE_Other_A,0.0
remainder__EXT_SOURCE_MIN_MISSING,0.0
remainder__INCOME_PER_FAMILY_MEMBER_MISSING,0.0
remainder__ADULTS_COUNT_MISSING,0.0
remainder__FLAG_CONT_MOBILE,0.0
remainder__EXT_SOURCE_MAX_MISSING,0.0
remainder__CHILDREN_RATIO_MISSING,0.0
remainder__CREDIT_TERM_MONTHS_MISSING,0.0
remainder__CREDIT_GOODS_RATIO_MISSING,0.0
remainder__CREDIT_GOODS_DIFF_MISSING,0.0
remainder__GOODS_INCOME_RATIO_MISSING,0.0
remainder__FLAG_DOCUMENT_13,0.0
remainder__FLAG_DOCUMENT_12,0.0
remainder__FLAG_DOCUMENT_11,0.0
remainder__FLAG_DOCUMENT_10,0.0
remainder__FLAG_DOCUMENT_9,0.0
remainder__FLAG_DOCUMENT_7,0.0
remainder__FLAG_DOCUMENT_4,0.0
remainder__FLAG_DOCUMENT_2,0.0
onehotencoder__ORGANIZATION_TYPE_University,0.0
remainder__ELEVATORS_MEDI,0.0
onehotencoder__ORGANIZATION_TYPE_Transport: type 4,0.0
onehotencoder__ORGANIZATION_TYPE_Trade: type 2,0.0
onehotencoder__ORGANIZATION_TYPE_Trade: type 4,0.0
onehotencoder__ORGANIZATION_TYPE_Trade: type 5,0.0
onehotencoder__ORGANIZATION_TYPE_Trade: type 6,0.0
onehotencoder__ORGANIZATION_TYPE_Transport: type 1,0.0
onehotencoder__WALLSMATERIAL_MODE_Missing,0.0
onehotencoder__HOUSETYPE_MODE_terraced house,0.0
onehotencoder__WALLSMATERIAL_MODE_Monolithic,0.0
onehotencoder__WALLSMATERIAL_MODE_Wooden,0.0
onehotencoder__ORGANIZATION_TYPE_Telecom,0.0
onehotencoder__ORGANIZATION_TYPE_Trade: type 1,0.0
remainder__FLAG_DOCUMENT_20,0.0
remainder__FLAG_DOCUMENT_15,0.0
onehotencoder__ORGANIZATION_TYPE_Police,0.0
remainder__FLAG_DOCUMENT_21,0.0
onehotencoder__ORGANIZATION_TYPE_Hotel,0.0
remainder__FLAG_DOCUMENT_14,0.0
remainder__FLAG_DOCUMENT_17,0.0
onehotencoder__ORGANIZATION_TYPE_Kindergarten,0.0
onehotencoder__ORGANIZATION_TYPE_Medicine,0.0
remainder__FLAG_DOCUMENT_16,0.0
onehotencoder__ORGANIZATION_TYPE_Insurance,0.0
onehotencoder__ORGANIZATION_TYPE_Industry: type 8,0.0
onehotencoder__ORGANIZATION_TYPE_Industry: type 7,0.0
onehotencoder__ORGANIZATION_TYPE_Industry: type 6,0.0
onehotencoder__ORGANIZATION_TYPE_Industry: type 5,0.0
onehotencoder__ORGANIZATION_TYPE_Industry: type 4,0.0
onehotencoder__ORGANIZATION_TYPE_Industry: type 2,0.0
onehotencoder__ORGANIZATION_TYPE_Industry: type 13,0.0
onehotencoder__ORGANIZATION_TYPE_Industry: type 11,0.0
onehotencoder__ORGANIZATION_TYPE_Industry: type 10,0.0
onehotencoder__ORGANIZATION_TYPE_Industry: type 1,0.0
onehotencoder__ORGANIZATION_TYPE_Housing,0.0
remainder__AMT_REQ_CREDIT_BUREAU_HOUR,0.0
onehotencoder__ORGANIZATION_TYPE_Culture,0.0
onehotencoder__ORGANIZATION_TYPE_Advertising,0.0
onehotencoder__ORGANIZATION_TYPE_Agriculture,0.0
onehotencoder__OCCUPATION_TYPE_Realty agents,0.0
onehotencoder__OCCUPATION_TYPE_Private service staff,0.0
onehotencoder__ORGANIZATION_TYPE_Government,0.0
onehotencoder__OCCUPATION_TYPE_IT staff,0.0
onehotencoder__ORGANIZATION_TYPE_Emergency,0.0
onehotencoder__ORGANIZATION_TYPE_Electricity,0.0
onehotencoder__ORGANIZATION_TYPE_Cleaning,0.0
onehotencoder__OCCUPATION_TYPE_Secretaries,0.0
onehotencoder__NAME_FAMILY_STATUS_Widow,0.0
onehotencoder__ORGANIZATION_TYPE_Postal,0.0
onehotencoder__ORGANIZATION_TYPE_Religion,0.0
onehotencoder__ORGANIZATION_TYPE_Restaurant,0.0
onehotencoder__ORGANIZATION_TYPE_Services,0.0
remainder__FLAG_DOCUMENT_18,0.0
remainder__FLAG_DOCUMENT_19,0.0
onehotencoder__ORGANIZATION_TYPE_Mobile,0.0
remainder__AMT_GOODS_PRICE_MISSING,0.0
remainder__AMT_ANNUITY_MISSING,0.0
onehotencoder__OCCUPATION_TYPE_HR staff,0.0
onehotencoder__OCCUPATION_TYPE_Cooking staff,0.0
onehotencoder__OCCUPATION_TYPE_Cleaning staff,0.0
onehotencoder__OCCUPATION_TYPE_Waiters/barmen staff,0.0
onehotencoder__NAME_FAMILY_STATUS_Unknown,0.0
remainder__EXT_SOURCE_2_MISSING,0.0
remainder__COMMONAREA_AVG_MISSING,0.0
remainder__ENTRANCES_AVG_MISSING,0.0
remainder__FLOORSMAX_AVG_MISSING,0.0
remainder__FLOORSMIN_AVG_MISSING,0.0
remainder__LIVINGAREA_AVG_MISSING,0.0
remainder__CNT_FAM_MEMBERS_MISSING,0.0
remainder__BASEMENTAREA_AVG_MISSING,0.0
remainder__DAYS_EMPLOYED_MISSING,0.0
remainder__BASEMENTAREA_MODE_MISSING,0.0
remainder__APARTMENTS_MODE_MISSING,0.0
remainder__NONLIVINGAPARTMENTS_AVG_MISSING,0.0
remainder__COMMONAREA_MODE_MISSING,0.0
remainder__ENTRANCES_MODE_MISSING,0.0
remainder__FLOORSMAX_MODE_MISSING,0.0
remainder__FLOORSMIN_MODE_MISSING,0.0
remainder__YEARS_BEGINEXPLUATATION_MODE_MISSING,0.0
remainder__LIVINGAPARTMENTS_MODE_MISSING,0.0
remainder__LIVINGAREA_MODE_MISSING,0.0
remainder__NONLIVINGAREA_MODE_MISSING,0.0
remainder__NONLIVINGAPARTMENTS_MODE_MISSING,0.0
remainder__APARTMENTS_MEDI_MISSING,0.0
remainder__BASEMENTAREA_MEDI_MISSING,0.0
remainder__YEARS_BEGINEXPLUATATION_MEDI_MISSING,0.0
remainder__OWN_CAR_AGE_MISSING,0.0
remainder__YEARS_BUILD_MEDI_MISSING,0.0
remainder__ELEVATORS_MEDI_MISSING,0.0
remainder__FLOORSMAX_MEDI_MISSING,0.0
remainder__ENTRANCES_MEDI_MISSING,0.0
remainder__FLOORSMIN_MEDI_MISSING,0.0
remainder__LANDAREA_MEDI_MISSING,0.0
onehotencoder__NAME_INCOME_TYPE_Businessman,0.0
onehotencoder__NAME_INCOME_TYPE_Maternity leave,0.0
onehotencoder__NAME_INCOME_TYPE_Student,0.0
onehotencoder__NAME_INCOME_TYPE_Unemployed,0.0
onehotencoder__NAME_EDUCATION_TYPE_Academic degree,0.0
onehotencoder__NAME_EDUCATION_TYPE_Incomplete higher,0.0
remainder__LIVINGAPARTMENTS_MEDI_MISSING,0.0
remainder__LIVINGAREA_MEDI_MISSING,0.0
remainder__NONLIVINGAPARTMENTS_MEDI_MISSING,0.0
remainder__NONLIVINGAREA_MEDI_MISSING,0.0
remainder__OBS_30_CNT_SOCIAL_CIRCLE_MISSING,0.0
remainder__DEF_30_CNT_SOCIAL_CIRCLE_MISSING,0.0
remainder__OBS_60_CNT_SOCIAL_CIRCLE_MISSING,0.0
remainder__DEF_60_CNT_SOCIAL_CIRCLE_MISSING,0.0
remainder__DAYS_LAST_PHONE_CHANGE_MISSING,0.0
remainder__AMT_REQ_CREDIT_BUREAU_MON_MISSING,0.0
remainder__AMT_REQ_CREDIT_BUREAU_QRT_MISSING,0.0
remainder__AMT_REQ_CREDIT_BUREAU_YEAR_MISSING,0.0
remainder__FAMILY_SIZE_PER_INCOME_MISSING,0.0
remainder__INCOME_PER_ADULT_MISSING,0.0
remainder__CAR_AGE_TO_PERSON_AGE_MISSING,0.0
remainder__LIVING_TO_TOTAL_AREA_MISSING,0.0
remainder__LIVING_APARTMENTS_RATIO_MISSING,0.0
remainder__ANNUITY_CREDIT_RATIO_MISSING,0.0
remainder__AMT_ANNUITY_LOG_MISSING,0.0
remainder__AMT_GOODS_PRICE_LOG_MISSING,0.0
